Package_Names,City_Names,Duration,Hotel_Types,Original_Prices,Discounted_Prices,Discount_Amount,Ratings,Reviews,State
Most Reasonable Goa Honeymoon Tour Packages,Goa,5,3 Star,"9,142","7,999",1143,4.2,714,Goa
Fantastic Andaman Honeymoon Package,Port Blair,5,3 Star,"18,811","15,599",3212,4.1,2708,Andaman and Nicobar Islands
Romantic Mussoorie Tour Package From Delhi,Mussoorie,3,3 Star,"12,000","10,500",1500,4.1,1319,Uttarakhand
Coorg Package For 2 Nights And 3 Days,Coorg,3,3 Star,"15,934","14,500",1434,4.2,5477,Karnataka
Best 4N 5D Andaman Sightseeing Tour Package For A Refreshing Getaway,Port Blair,5,3 Star,"36,484","33,200",3284,NaN,212,Andaman and Nicobar Islands
Mesmerising Manali Trip Package From Chandigarh,Manali,3,3 Star,"10,440","9,500",940,4.1,376,Himachal Pradesh
Hills & Houseboat: Munnar and Alleppey Honeymoon Package,Munnar,6,3 Star,"24,444","22,000",2444,4.1,4760,Kerala
Top Family Holiday Packages in Goa for an Ideal Family Vacation,Calangute,5,3 Star,"10,868","9,999",869,4.1,5660,Goa
Most Affordable 1 Night 2 Days Uttarakhand Tour Packages From Delhi,Rishikesh,2,3 Star,"3,360","2,800",560,4.2,482,Uttarakhand
Top 4 Nights 5 Days Best-Selling Sikkim Gangtok Darjeeling Tour Package,Gangtok,5,3 Star,"26,258","22,000",4258,4.1,2336,Sikkim
Best 5 Night 6 Day Leh Ladakh Tour Package For A Fun Filled Vacay,Leh,6,3 Star,"28,110","21,999",6111,4.2,8570,Ladakh
Postcard-Perfect Sikkim Gangtok Lachung Honeymoon Packages,Gangtok,5,3 Star,"24,000","22,000",2000,4.5,49,Sikkim
Best Selling Kerala Houseboat & Jungle Safari Tour Package,Munnar,5,3 Star,"24,604","20,048",4556,4.1,2708,Kerala
Go on an excursion to Shillong to witness the best of natural attraction,Kaziranga,6,2 Star,"28,160","24,499",3661,4.2,5477,Assam
Top 5 Nights 6 Days Kerala Family Tour Packages For A Refreshing Getaway,Munnar,6,3 Star,"29,674","24,279",5395,4.3,2308,Kerala
Exciting Goa Tour Packages For A Perfect Getaway,Goa,3,3 Star,"15,615","14,500",1115,4.1,2491,Goa
Discover Our Beautiful 4 Nights 5 Days Andaman Family Tour Packages,Port Blair,5,3 Star,"23,574","18,990",4584,4.2,1313,Andaman and Nicobar Islands
4 Nights 5 Days Sikkim Family Tour Package,Gangtok,5,2 Star,"26,400","22,000",4400,4.3,2308,Sikkim
Best Selling Shimla Honeymoon Tour Packages For A Wonderful Vacation,Shimla,3,2 Star,"10,543","9,000",1543,4.3,8633,Himachal Pradesh
Jammu Kashmir Family Package,Katra,7,2 Star,"26,910","24,999",1911,4.1,797,Jammu and Kashmir
Udaipur: More Than The Just âThe City Of Lakesâ,Udaipur,3,2 Star,"7,539","6,499",1040,NaN,139,Rajasthan
An Amazingly Romantic Honeymoon,Coorg,7,4 Star,"28,727","26,142",2585,4.1,4760,Karnataka
Idyllic Kerala Houseboat & Hills Family Package,Munnar,7,3 Star,"30,249","25,460",4789,4.1,2708,Kerala
Adventurous Family Holiday In Coorg,Coorg,4,3 Star,"16,942","15,417",1525,4.2,5129,Karnataka
Best 3N 4D Ooty Honeymoon Tour Package For A Romantic Getaway,Ooty,4,3 Star,"18,827","16,944",1883,4.2,573,Tamil Nadu
Charming Kashmir Honeymoon Tour Package,Srinagar,6,3 Star,"26,136","23,000",3136,4.1,2491,Jammu and Kashmir
Vibrant Kochi Munnar Honeymoon Tour Package,Cochin,4,3 Star,"16,190","14,571",1619,NaN,1459,Kerala
Pleasurable Meghalaya Honeymoon Package,Guwahati,7,3 Star,"41,208","37,499",3709,4.1,1538,Assam
Lovely Ladakh Family Package,Leh,5,2 Star,"21,504","19,999",1505,4.2,8570,Ladakh
Colorful Rajasthan Family Package,Jaipur,9,3 Star,"76,404","68,000",8404,4.1,3697,Rajasthan
Best Selling Leh-Ladakh Honeymoon Tour Package,Leh,6,3 Star,"35,367","27,999",7368,4.2,3681,Ladakh
Best 8 Nights 9 Days Himachal Family Tour Package for a Soothing Getaway,Shimla,9,2 Star,"32,143","30,000",2143,4.1,4357,Himachal Pradesh
"Explore Darjeeling And Gangtok, The Gem Of Northeast",Gangtok,7,2 Star,"80,136","72,122",8014,4.1,2569,Sikkim
Exotic Andaman Honeymoon Package,Port Blair,6,2 Star,"24,965","23,790",1175,4.1,2491,Andaman and Nicobar Islands
Enjoy An Island Getaway With Our Andaman Honeymoon Package,Port Blair,6,3 Star,"24,750","22,000",2750,4.3,8959,Andaman and Nicobar Islands
Breathtaking Manali Tour Package From Mumbai,Manali,4,3 Star,"12,637","11,500",1137,4.1,9041,Himachal Pradesh
Summer Special Manali Honeymoon: A Superb Romantic Trip,Manali,5,3 Star,"17,033","15,500",1533,4.1,1096,Himachal Pradesh
Divine Andaman Couple Tour Packages From Mumbai,Port Blair,6,4 Star,"29,604","26,940",2664,4.1,2708,Andaman and Nicobar Islands
Blissful Leh Ladakh Honeymoon Package,Leh,5,2 Star,"20,453","17,999",2454,4.4,1215,Ladakh
Exotic Gangtok & Darjeeling Honeymoon Package,Darjeeling,5,3 Star,"52,512","45,663",6849,4.1,2708,West Bengal
Spiti Tour Package For Adventure Lovers,Manali,7,3 Star,"33,889","30,500",3389,4.2,28,Himachal Pradesh
Fascinating Uttarakhand Honeymoon Package,Mussoorie,6,3 Star,"18,681","17,000",1681,4.1,1096,Uttarakhand
Blissful Andaman Honeymoon Package,Port Blair,5,2 Star,"18,914","17,338",1576,4.2,11580,Andaman and Nicobar Islands
Idyllic Lansdowne Tour Package For Family,Lansdowne,2,3 Star,"4,120","3,749",371,4.2,435,Uttarakhand
Port Blair Tour Package For 2 Nights 3 Days,Port Blair,3,3 Star,"15,934","14,819",1115,4.2,2288,Andaman and Nicobar Islands
Best Selling Alleppey-Munnar Kerala Weekend Tour,Munnar,4,3 Star,"17,132","13,020",4112,4.4,1259,Kerala
Charismatic Kochi Tour Package,Kochi,4,3 Star,"16,484","15,000",1484,4.1,8625,Kerala
Magical Darjeeling & Sikkim Summer Special Honeymoon Package,Darjeeling,6,3 Star,"28,488","25,000",3488,4.2,11580,West Bengal
A Blissful Romantic Tour To Andaman Island,Port Blair,4,3 Star,"17,143","15,600",1543,4.2,4156,Andaman and Nicobar Islands
Mystique Andaman Honeymoon Package,Port Blair,4,3 Star,"21,945","19,970",1975,4.2,11580,Andaman and Nicobar Islands
Best Selling Weeklong Goa Tour Packages For A Fun-Filled Vacay,Goa,6,3 Star,"17,608","16,199",1409,4.2,2288,Goa
Romantic Escapade To Kashmir,Pahalgam,6,2 Star,"24,157","21,500",2657,4.1,2491,Jammu and Kashmir
Extravagant Port Blair Sightseeing Tour Packages,Port Blair,4,3 Star,"13,846","12,600",1246,4.3,2308,Andaman and Nicobar Islands
Splendid Kodaikanal Honeymoon Tour Package,Ooty,6,4 Star,"27,473","25,000",2473,4.2,4289,Tamil Nadu
Mesmerizing Leh Ladakh Family Tour Package,Leh,5,2 Star,"19,779","17,999",1780,4.1,348,Ladakh
Mesmeric Mount Abu Family Package,Mount Abu,3,3 Star,"4,945","4,500",445,4.1,650,Rajasthan
Adventurous Summer Special Ladakh Honeymoon Package,Leh,5,2 Star,"22,221","19,999",2222,4.3,534,Ladakh
Best 2 Days Ooty Tour Packages For A Bracing Escape In Nature,Ooty,2,3 Star,"9,384","8,539",845,4.4,58,Tamil Nadu
Srinagar Sonmarg Pahalgam Gulmarg Tour Package,Srinagar,5,4 Star,"32,796","30,500",2296,4.3,19356,Jammu and Kashmir
Luxurious Honeymoon Trip To Manali,Manali,4,2 Star,"9,011","8,200",811,4.3,2308,Himachal Pradesh
Ecstatic Shimla 4 Night 5 Day Tour Package,Shimla,5,3 Star,"14,205","12,500",1705,4.1,1319,Himachal Pradesh
Best Selling Ladakh 4 Days Package For A Fun-Filled Holiday,Leh,4,3 Star,"20,429","18,999",1430,4.1,9283,Ladakh
An Adventurous Family Trip To Jim Corbett National Park,Jim Corbett,2,4 Star,"7,933","7,219",714,4.1,1096,Uttarakhand
Mesmerizing Getaway To Kochi,Kochi,2,3 Star,"5,275","4,800",475,4.4,1215,Kerala
Best-Ranked Gangtok Tour Package For 2 Days,Gangtok,2,3 Star,"20,619","19,176",1443,NaN,372,Sikkim
Mesmerising Lansdowne Tour Package,Lansdowne,3,3 Star,"17,308","15,750",1558,4.2,714,Uttarakhand
Gangtok Family Package For 3 Days,Gangtok,3,2 Star,"19,163","18,013",1150,4.2,28,Sikkim
Kerala Wayanad Weekend Holiday,Wayanad,3,3 Star,"8,947","8,500",447,4.2,2288,Kerala
A Goa Tour Full of Fun n Frolic,Goa,4,3 Star,"12,637","11,500",1137,4.4,1215,Goa
Charming Kashmir Sightseeing Tour Package,Srinagar,8,2 Star,"32,418","29,500",2918,4.4,1215,Jammu and Kashmir
Astonishing Pelling Honeymoon Package,Pelling,3,3 Star,"12,086","11,119",967,4.2,714,Sikkim
Magical Manali Honeymoon Package For A Dreamy Getaway,Manali,3,2 Star,"9,808","7,500",2308,4.2,4289,Himachal Pradesh
Amazing Andaman Tour Package,Port Blair,6,3 Star,"19,216","18,163",1053,4.2,831,Andaman and Nicobar Islands
Mahabaleshwar Package For 1 Night 2 Days With Amazing Travel Deals!,Mahabaleshwar,2,3 Star,"6,769","6,160",609,4.1,2491,Maharashtra
"Gangtok, Lachung & Darjeeling Summer Special Tour: The North Eastern Bliss",Gangtok,7,3 Star,"67,710","62,399",5311,4.1,35,Sikkim
Trip To Mesmerising Munnar,Munnar,4,3 Star,"16,484","15,000",1484,NaN,212,Kerala
Rajasthan Tour Package for 2 Nights & 3 Days,Udaipur,3,3 Star,"12,903","12,000",903,4.1,376,Rajasthan
Best 2 Nights 3 Days Kodaikanal Tour Exclusive Package,Kodaikanal,3,3 Star,"13,996","12,736",1260,NaN,51,Tamil Nadu
"Exhilarating Gangtok, Kalimpong and Darjeeling Trip in Summer",Gangtok,6,2 Star,"33,362","29,692",3670,NaN,212,Sikkim
Ooty Package For 3 Days,Ooty,3,3 Star,"12,637","11,500",1137,4.1,2708,Tamil Nadu
Marvelous Honeymoon Tour To Leh,Leh,5,3 Star,"25,274","22,999",2275,4.2,714,Ladakh
Exciting Rajasthan Tour Package,Ranthambore,2,3 Star,"4,395","3,999",396,4.1,365,Rajasthan
Check Out Our Top-rated Andaman Itinerary For 4 Days For A Soulful Vacay,Port Blair,4,3 Star,"18,462","16,800",1662,4.1,8625,Andaman and Nicobar Islands
Goa Tour Package In Summer,Goa,4,3 Star,"22,580","20,999",1581,4.2,823,Goa
A Romantic Joyride With The Best Lonavala Honeymoon Package For 3 Days,Lonavala,3,3 Star,"21,153","19,249",1904,4.2,9396,Maharashtra
Best-Selling Rishikesh Uttarakhand Tours For A Refreshing Getaway,Rishikesh,2,2 Star,"2,750","2,500",250,4.2,117,Uttarakhand
Fascinating Manali Tour Package From Ahmedabad,Manali,4,3 Star,"10,989","10,000",989,4.3,2308,Himachal Pradesh
Resounding Rajasthan Family Package,Jaisalmer,3,3 Star,"8,240","7,498",742,4.2,396,Rajasthan
Catch The Beauty Of The Setting Sun In Alleppey,Alleppey,2,3 Star,"5,495","5,000",495,4.3,2308,Kerala
1 Night 2 Days Romantic Ooty Getaway For An Unforgettable Experience,Ooty,2,3 Star,"9,890","9,000",890,4.2,823,Tamil Nadu
Adventure Packed Rishikesh Tour Package,Rishikesh,2,3 Star,"4,395","3,999",396,4.2,3333,Uttarakhand
Best Selling Ooty Mysore Tour Packages for a Relaxing Holiday,Ooty,4,3 Star,"16,541","14,556",1985,4.2,714,Tamil Nadu
Lovely North East Family Package,Shillong,5,2 Star,"18,131","16,499",1632,4.3,2308,Meghalaya
Charming Alleppey Honeymoon Package,Alleppey,3,3 Star,"8,615","7,840",775,4.1,365,Kerala
Best Selling Leh Ladakh 6 Nights 7 Days Package,Srinagar,7,3 Star,"42,352","39,999",2353,4.2,4156,Jammu and Kashmir
Splendid Jaisalmer Tour Package,Jaisalmer,3,3 Star,"8,152","7,500",652,4.2,17,Rajasthan
A Blissful Tour In Munnar,Munnar,3,3 Star,"6,593","6,000",593,4.5,49,Kerala
"Goa Is All About Sand, Sun, And Sea",Goa,3,3 Star,"7,692","7,000",692,4.3,8959,Goa
Best-Selling Goa Trip Package For Friends,Goa,4,3 Star,"10,869","9,999",870,4.2,714,Goa
Glorious Goa Tour Package,Calangute,3,3 Star,"7,608","6,999",609,4.1,2491,Goa
Splendid Himachal Honeymoon Package,Manali,4,2 Star,"9,091","8,000",1091,4.2,171,Himachal Pradesh
Stimulating Rajasthan Tour Package,Ranthambore,4,3 Star,"9,090","7,999",1091,4.1,2491,Rajasthan
Fantastic Summer Special Trip To Manali,Manali,4,3 Star,"13,187","12,000",1187,3.7,148,Himachal Pradesh
Astounding Kasol Tour Packages,Kasol,4,3 Star,"17,778","16,000",1778,4.1,4357,Himachal Pradesh
Explore The Himalayan Highlands Of Manali With Our Family Package,Manali,4,4 Star,"14,286","13,000",1286,4.1,2491,Himachal Pradesh
"Exploring Godâs Own Country, Kerala",Munnar,3,3 Star,"10,102","9,092",1010,4.1,4306,Kerala
Magnificent Leh Sightseeing Tour Packages,Leh,6,3 Star,"26,373","23,999",2374,4.1,4815,Ladakh
Scintillating Honeymoon Package for Ladakh,Leh,5,3 Star,"21,110","18,999",2111,4.2,5129,Ladakh
Reasonable Munnar Thekkady Alleppey Honeymoon Packages,Munnar,4,3 Star,"15,909","14,000",1909,4.1,2491,Kerala
Picturesque Dalhousie Honeymoon Tour Package,Dalhousie,3,3 Star,"17,778","16,000",1778,4.1,2491,Himachal Pradesh
Most Picked Kullu Manali Rohtang Pass Packages,Manali,4,3 Star,"11,957","11,000",957,4.3,2308,Himachal Pradesh
Ecstatic Athirapally Tour Package,Athirapally,8,3 Star,"30,904","28,123",2781,3.6,168,Kerala
Best-Selling Sightseeing Vacation To Gangtok,Gangtok,4,2 Star,"14,531","13,223",1308,4.1,644,Sikkim
Best Selling Lansdowne Tour For A Refreshing Getaway In 2021,Lansdowne,2,3 Star,"3,333","3,000",333,4.2,714,Uttarakhand
Do Dham Yatra Package: Kedarnath and Badrinath,Haridwar,8,2 Star,"28,409","25,000",3409,4.3,8633,Uttarakhand
Blissful  Badrinath Tour Package,Haridwar,4,2 Star,"10,842","9,975",867,NaN,343,Uttarakhand
Ooty Package For 3 Nights 4 Days,Ooty,4,3 Star,"16,942","15,417",1525,4.1,9283,Tamil Nadu
Gorgeous Goa Tour Packages From Kerala,Goa,4,3 Star,"10,989","10,000",989,4.1,2491,Goa
Best 7 Nights 8 Days Himachal Honeymoon by Cab for an Amazing Experience,Shimla,8,2 Star,"26,857","23,500",3357,4.2,4289,Himachal Pradesh
Mesmerizing Kerala Holiday: Weekend in Munnar & Thekkady,Munnar,4,3 Star,"18,434","13,167",5267,4.2,8570,Kerala
Admire The Enchanting And Spellbinding Places In Sikkim,Gangtok,7,3 Star,"37,377","34,000",3377,4.3,1541,Sikkim
Discover Our Ravishing 3 Nights 4 Days Rajasthan Vacation,Jodhpur,4,3 Star,"11,235","9,999",1236,4.2,28,Rajasthan
Soulful Darjeeling Gangtok Sikkim Honeymoon Package,Gangtok,5,2 Star,"16,854","15,000",1854,4.2,4281,Sikkim
Darjeeling Family Package for 3 Days,Darjeeling,3,3 Star,"10,229","9,513",716,4.2,4156,West Bengal
3 Nights 4 Days Paradisiacal Himachal Family Package For A Peaceful Trip,Manali,4,2 Star,"9,659","8,500",1159,4.2,124,Himachal Pradesh
Captivating Thekkady Honeymoon Package,Kumarakom,5,3 Star,"17,360","15,624",1736,4.2,17,Kerala
A Surreal Escape To Mesmerising Destinations,Munnar,4,3 Star,"16,269","12,880",3389,4.2,714,Kerala
A Memorable Honeymoon In Awesome Rajasthan,Jaipur,6,4 Star,"21,976","19,998",1978,4.1,2708,Rajasthan
Himachal Honeymoon Tour Package By Volvo,Manali,6,2 Star,"21,000","18,143",2857,4.1,3810,Himachal Pradesh
Visit Kerala And See Astounding Places,Munnar,4,3 Star,"13,213","11,760",1453,4.3,2308,Kerala
Goa Package For 2 Nights 3 Days,Goa,3,3 Star,"7,692","7,000",692,4.2,435,Goa
Best Selling Himachal Honeymoon Package From Delhi By Volvo,Shimla,6,2 Star,"22,500","18,000",4500,4.1,4654,Himachal Pradesh
Best-Selling Ooty Honeymoon Package,Ooty,3,3 Star,"15,468","14,076",1392,4.2,1688,Tamil Nadu
Best Selling Kashmir Honeymoon Package,Srinagar,6,2 Star,"21,452","19,000",2452,NaN,51,Jammu and Kashmir
Best-Selling 7 Days Rajasthan Tour Packages For Memorable Vacay,Jaipur,7,3 Star,"27,473","25,000",2473,4.1,2427,Rajasthan
Adventure-Loaded Rishikesh Tour Package,Rishikesh,2,3 Star,"11,667","10,500",1167,4.5,49,Uttarakhand
1 Night 2 Days Lonavala Package,Lonavala,2,4 Star,"10,879","9,900",979,4.2,1196,Maharashtra
Best Selling Kashmir Family Package,Srinagar,5,2 Star,"16,485","15,000",1485,4.3,2308,Jammu and Kashmir
Trip To Captivating Coorg,Coorg,3,2 Star,"11,395","10,369",1026,NaN,212,Karnataka
Exhilarating Andaman Tour Package,Port Blair,5,4 Star,"37,041","33,707",3334,4.1,144,Andaman and Nicobar Islands
Best Selling Holiday Tour Packages Of 1 Night 2 Days In Coorg,Coorg,2,2 Star,"8,714","7,930",784,4.1,589,Karnataka
Exclusive Kerala Munnar Tour Packages for an Amazing Vacation,Munnar,3,3 Star,"12,792","7,840",4952,4.1,3810,Kerala
Super Romantic Coorg Honeymoon Tour,Coorg,5,2 Star,"16,758","15,250",1508,4.2,3333,Karnataka
Goa Honeymoon Package: Sandy Toes & Salty Kisses,Goa,6,3 Star,"34,482","29,900",4582,4.1,1162,Goa
Beachside Romance: Goa Honeymoon Package,Calangute,4,2 Star,"32,502","27,600",4902,4.1,4417,Goa
A Delightful Trip To Delhi,New Delhi,3,3 Star,"7,142","6,499",643,4.2,482,New Delhi
An Utterly Ravishing Rajasthan Tour Package,Ranthambore,3,3 Star,"11,757","10,699",1058,NaN,162,Rajasthan
Best Selling Meghalaya Tour Packages For A Rejuvenating Experience,Shillong,5,3 Star,"28,022","25,500",2522,4.2,4156,Meghalaya
Mesmerizing Uttarakhand Summer Special Family Package,Mussoorie,4,3 Star,"39,663","36,093",3570,4.2,482,Uttarakhand
Amazing Auli Honeymoon Package,Auli,3,3 Star,"10,000","9,000",1000,4.2,2288,Uttarakhand
Exciting Athirapally Tour Package,Cochin,7,3 Star,"27,560","25,080",2480,4.2,714,Kerala
Bestselling Leh Ladakh Tour Package,Leh,8,3 Star,"47,999","44,999",3000,4.1,9041,Ladakh
Ecstatic Athirapally Honeymoon Package,Cochin,7,3 Star,"33,221","29,567",3654,4.6,17,Kerala
Goa Honeymoon Package For 6 Nights 7 Days,Goa,7,5 Star,"40,217","37,000",3217,4.2,482,Goa
Spellbinding Cochin Family Tour Package,Cochin,2,3 Star,"5,091","4,480",611,NaN,1459,Kerala
Relax And Recharge At Chikmagalur,Chikmagalur,2,2 Star,"9,379","8,722",657,NaN,364,Karnataka
Blissful Kerala Honeymoon Tour Package,Munnar,7,3 Star,"28,416","23,999",4417,4.1,999,Kerala
Spritual Char Dham Yatra Package,Haridwar,11,2 Star,"52,273","46,000",6273,4.2,823,Uttarakhand
Discover Our Coorg Tour Package For 3 Nights 4 Days For A Memorable Trip,Coorg,4,3 Star,"15,000","13,500",1500,4.1,5493,Karnataka
Discover Our Exquisite 5 Nights 6 Days Mussoorie Honeymoon Tour Packages,Mussoorie,6,3 Star,"24,444","22,000",2444,3.9,1126,Uttarakhand
Dalhousie Dharamshala Himachal Honeymoon Package,Dalhousie,4,2 Star,"18,000","13,909",4091,4.3,2308,Himachal Pradesh
Tirupati Temple: A Sacred Pilgrimage,Tirupati,2,2 Star,"9,722","8,847",875,4.1,5660,Andhra Pradesh
Charismatic Kashmir Tour Package,Srinagar,3,3 Star,"15,000","13,500",1500,4.1,5493,Jammu and Kashmir
Exciting Sikkim Sightseeing Tour Package,Gangtok,5,2 Star,"17,582","16,000",1582,NaN,462,Sikkim
Lovely Coorg Honeymoon Package,Coorg,2,3 Star,"11,395","10,369",1026,NaN,384,Karnataka
Best Selling 2 Days Alleppey Honeymoon Packages For A Romantic Getaway!,Alleppey,2,3 Star,"5,274","4,799",475,4.1,797,Kerala
Special Udaipur Honeymoon Package,Udaipur,4,3 Star,"11,111","10,000",1111,4.2,2288,Rajasthan
Book Our Himachal Honeymoon Tour Package By Cab And Enjoy Immensely!,Shimla,4,2 Star,"17,009","13,800",3209,4.1,376,Himachal Pradesh
Dharamshala Mcleodganj Dalhousie Tour Package For A Wonderful Vacation,Mcleodganj,5,3 Star,"14,130","13,000",1130,4.2,12,Himachal Pradesh
Explore The Beautiful Karnataka,Ootacamund,6,3 Star,"25,604","23,044",2560,4.2,8570,Tamil Nadu
Refreshing Uttarakhand Family Package,Haridwar,8,3 Star,"30,244","27,824",2420,4.1,3810,Uttarakhand
Heavenly Kashmir Honeymoon Package,Srinagar,6,2 Star,"22,222","20,000",2222,3.7,189,Jammu and Kashmir
Dazzling Goa Tour Package,Candolim,4,3 Star,"11,235","9,999",1236,4.5,30,Goa
Action-Packed Mussoorie Family Package,Mussoorie,5,3 Star,"23,077","21,000",2077,4.2,9396,Uttarakhand
"Idyllic Sikkim, Gangtok & Darjeeling Family Package",Darjeeling,6,3 Star,"33,158","30,000",3158,4.1,547,West Bengal
A Family Vacation In Beautiful Goa,Goa,3,3 Star,"9,340","8,499",841,4.1,465,Goa
"Summer Honeymoon in Goa: Waterfalls, Islands & Your Love",Goa,6,3 Star,"46,428","37,500",8928,4.1,1983,Goa
An Intimate Rendezvous in Athirapally,Vaikom,8,3 Star,"30,667","27,600",3067,4.1,547,Kerala
Delightful Athirapally Tour Packages,Athirapally,2,3 Star,"5,274","4,799",475,NaN,356,Kerala
Most Exciting Auli 3 Days Packages,Auli,3,3 Star,"12,097","11,250",847,4.1,144,Uttarakhand
Discover The Gems Of Leh Tour Package,Leh,5,3 Star,"25,274","22,999",2275,4.3,9151,Ladakh
Best-Selling Auli Honeymoon Packages For 3 Nights & 4 Days,Auli,4,3 Star,"14,444","13,000",1444,4.3,2308,Uttarakhand
Simply Kashmir Tour Package,Srinagar,4,2 Star,"16,258","14,000",2258,4.5,10,Jammu and Kashmir
Best Chikmagalur Sightseeing Tour Packages For A Memorable Experience,Chikmagalur,3,3 Star,"12,535","11,407",1128,4.4,61,Karnataka
Jubilant Jaipur Sightseeing Tour Package,Jaipur,3,2 Star,"6,593","6,000",593,4.2,1313,Rajasthan
Spectacular Pachmarhi Tours,Pachmarhi,3,3 Star,"15,385","14,000",1385,4.3,2308,Madhya Pradesh
Explore The Wilders Aspects Of Himachal,Dalhousie,3,2 Star,"14,667","12,000",2667,4.3,8959,Himachal Pradesh
Fascinating Auli Honeymoon Package,Dehradun,8,3 Star,"33,833","30,450",3383,4.6,17,Uttarakhand
Offbeat Leh Ladakh Tour Package With Turtuk,Leh,6,3 Star,"26,803","25,999",804,NaN,351,Ladakh
Magical Kashmir Honeymoon Package,Srinagar,7,2 Star,"23,270","21,500",1770,4.2,4156,Jammu and Kashmir
Exciting Rishikesh Tour Package,Rishikesh,3,3 Star,"16,587","15,094",1493,4.2,1688,Uttarakhand
Book This Popular Coorg Tour Package For 7 Days For A Cozy Getaway,Coorg,7,3 Star,"26,374","24,000",2374,4.2,2288,Karnataka
Best 9 Nights 10 Days Himachal Family Tour Packages for a Thrilling Trip,Shimla,10,2 Star,"34,716","32,500",2216,4.1,61,Himachal Pradesh
Heart-warming Himachal Family Tour Package,Dharamshala,5,2 Star,"17,222","15,500",1722,4.2,139,Himachal Pradesh
Best Budgeted Munnar Alleppey Tour Packages For A Fun Trip,Munnar,3,3 Star,"9,438","8,400",1038,NaN,343,Kerala
Top Auli Holiday Packages for an Exemplary Experience in Uttarakhand,Auli,3,3 Star,"13,889","12,500",1389,4.1,144,Uttarakhand
Alluring Assam Tour Package,Guwahati,2,3 Star,"9,890","9,000",890,4.1,144,Assam
Scenic Kerala Family Trip,Kochi,9,3 Star,"38,212","33,228",4984,4.1,4506,Kerala
Economical Wayanad Tour Packages For 2 Nights 3 Days,Calicut,3,3 Star,"9,031","8,399",632,4.1,6405,Kerala
Best-Selling Rishikesh And Haridwar Tour Packages,Rishikesh,3,3 Star,"8,653","7,874",779,3.9,323,Uttarakhand
Delightful Udaipur Sightseeing Tour Package,Udaipur,5,3 Star,"15,384","13,999",1385,4.2,910,Rajasthan
Charming Kashmir Honeymoon Package,Srinagar,8,2 Star,"28,195","25,250",2945,4.5,49,Jammu and Kashmir
Best of Jammu Kashmir Summer Special Tour Package,Katra,8,3 Star,"32,520","30,000",2520,NaN,372,Jammu and Kashmir
Best-Selling Goa Tour Packages for an Exciting Vacation,Goa,4,4 Star,"12,637","11,500",1137,4.2,257,Goa
Manali-Kasol Tour Package For Himachal By Cab,Manali,4,2 Star,"12,688","10,500",2188,4.2,4281,Himachal Pradesh
Exciting Jaipur Udaipur Family Tour Package,Jaipur,5,3 Star,"15,384","13,999",1385,4.1,2427,Rajasthan
Pocket-Friendly 2 Night 3 Days Packages Near Mumbai For A Memorable Trip,Mumbai,3,4 Star,"18,924","17,599",1325,4.3,202,Maharashtra
Amazing Udaipur Honeymoon Package,Udaipur,4,3 Star,"13,186","11,999",1187,4.3,2308,Rajasthan
Wondrous Pelling Tour Package,Pelling,3,3 Star,"16,667","15,000",1667,4.1,15,Sikkim
Check Out Darjeeling Holiday Tour Packages For An Adventurous Getaway,Darjeeling,3,2 Star,"25,619","22,545",3074,4.2,4281,West Bengal
Fun-Packed Goa Weekend Holiday: South Goa & Beaches,Goa,3,3 Star,"17,255","14,999",2256,4.1,2336,Goa
Affordable Mumbai 2 Days Tour Package For A Delighting Vacay,Mumbai,2,4 Star,"10,879","9,900",979,4.1,342,Maharashtra
Goa Package With Island Tour: Honeymoonerâs Delight,Calangute,6,2 Star,"16,000","14,000",2000,4.1,650,Goa
Enchanting Darjeeling Tour Package,Darjeeling,4,2 Star,"16,630","14,967",1663,4.4,2357,West Bengal
Most-Picked Karnataka Tour Packages For 3 Days,Coorg,3,3 Star,"15,417","14,029",1388,4.2,910,Karnataka
Phenomenal Delhi Tour Package,New Delhi,3,3 Star,"4,395","3,999",396,4.1,2656,New Delhi
Wholesome Rameshwaram Tour Packages For An Ideal Tour,Madurai,5,4 Star,"19,888","18,098",1790,4.1,348,Tamil Nadu
Spectacular Shillong Tour For A Refreshing Getaway With Loved Ones,Shillong,3,3 Star,"12,637","11,500",1137,4.1,144,Meghalaya
Stunning Auli Tour Package,Auli,4,3 Star,"14,285","12,999",1286,4.1,1611,Uttarakhand
Explore The Most Awesome Destinations Of Rajasthan,Jaipur,11,2 Star,"42,684","37,999",4685,4.1,376,Rajasthan
Goa Adventure Package: Grand Island Tour & Dudhsagar Falls,Calangute,5,3 Star,"28,922","22,999",5923,4.2,482,Goa
Best Selling Shirdi Tour for a Spiritual Getaway,Shirdi,2,3 Star,"6,285","5,719",566,4.3,2308,Maharashtra
Fun & Frolic Kodaikanal Ooty Tour Package,Ootacamund,6,3 Star,"25,781","23,461",2320,4.1,841,Tamil Nadu
Exciting Jim Corbett National Park Tour Package,Jim Corbett,2,4 Star,"5,538","5,040",498,4.3,202,Uttarakhand
Diligently Crafted Udaipur Packages For A Regal Experience,Udaipur,4,2 Star,"7,714","6,000",1714,4.2,2288,Rajasthan
Dwarka Tour Packages For A Memorable Experience On Your Next Trip,Jamnagar,4,3 Star,"13,333","12,000",1333,4.1,283,Gujarat
Book Our Alleppey Houseboat Tour Package For A Romantic Getaway,Alleppey,2,3 Star,"8,118","7,387",731,4.5,30,Kerala
Top Ooty Tour Packages For A Surreal Holiday,Ooty,3,3 Star,"12,597","11,589",1008,4.2,823,Tamil Nadu
Desert Delight Rajasthan Tour Package,Jaisalmer,4,3 Star,"8,791","8,000",791,4.1,418,Rajasthan
Enigmatic Leh Ladakh Tour Packages For Enthusiastic Travelers,Manali,10,3 Star,"67,988","63,455",4533,4.5,49,Himachal Pradesh
4 Days Dharamshala Tour Packages For A Fun-filled Vacation,Dharamshala,4,2 Star,"16,667","15,000",1667,4.1,204,Himachal Pradesh
Madurai And Rameshwaram Await Your Exploration,Madurai,6,3 Star,"29,455","25,920",3535,4.2,12227,Tamil Nadu
Plan A Replenishing 2N 3D Alleppey Kerala Tour For A Paradiscal Holiday,Alleppey,3,3 Star,"11,198","10,078",1120,4.5,207,Kerala
Rajasthan 6 Days Tour Package,Jodhpur,6,3 Star,"26,419","21,000",5419,4.2,573,Rajasthan
Best of Goa: Exciting Family Vacation Package,Calangute,6,2 Star,"39,360","32,800",6560,4.1,879,Goa
Best Selling Auli Tour Packages For A Refreshing Break,Dehradun,8,3 Star,"33,833","30,450",3383,4.2,4289,Uttarakhand
"Adventurous Sikkim, Kalimpong & Darjeeling Tour Package",Gangtok,8,3 Star,"69,818","65,587",4231,4.3,534,Sikkim
Exciting Delhi Family Tour Package,New Delhi,3,2 Star,"4,395","3,999",396,4.1,9338,New Delhi
Tempting North East Tour Package,Shillong,4,2 Star,"16,847","15,499",1348,4.1,296,Meghalaya
Riveting Goa Honeymoon Package: A Romantic Rendezvous In Goa,Candolim,4,4 Star,"33,323","29,324",3999,4.2,823,Goa
Adventurous & Cherishable Mount Abu Tour Packages For 2 Days,Mount Abu,2,3 Star,"5,434","4,999",435,4.1,465,Rajasthan
Best Selling Jim Corbett Packages For A Refreshing Getaway,Jim Corbett,3,2 Star,"14,675","12,900",1775,4.2,714,Uttarakhand
Gangtok Tour Package For 3 Nights And 4 Days,Gangtok,4,4 Star,"43,582","40,095",3487,3.9,323,Sikkim
Mesmerizing Meghalaya Tour,Shillong,4,3 Star,"17,032","15,499",1533,4.1,2427,Meghalaya
Exemplary Jaipur Packages For A Vibrant Vacation,Jaipur,3,2 Star,"9,333","6,000",3333,NaN,356,Rajasthan
Spend Some Spiritual Time at Dwarkadhish,Dwarka,3,3 Star,"10,786","9,600",1186,4.1,1162,Gujarat
Book The Best Rishikesh Package For 2 Nights For A Filling Vacation,Rishikesh,3,3 Star,"10,439","9,499",940,4.1,650,Uttarakhand
Goa Tour Package For 3 nights and 4 days,Goa,4,3 Star,"19,956","17,500",2456,4.3,2308,Goa
Best-Selling North East Tours For An Escape To Nature,Kaziranga,5,2 Star,"20,000","18,000",2000,4.1,296,Assam
A Fascinating Vacation In Auli,Auli,5,3 Star,"27,707","24,936",2771,4.3,88,Uttarakhand
Splendid Sikkim Gangtok Lachen Lachung Packages For An Exciting Tour,Gangtok,6,3 Star,"57,847","53,397",4450,NaN,5002,Sikkim
Spectacular Cochin Tour Package,Cochin,2,3 Star,"4,515","3,973",542,NaN,162,Kerala
Marvellous Goa Tour Packages For A Sun-Kissed Vacation,Calangute,5,3 Star,"16,667","12,500",4167,4.1,204,Goa
Affordable 2 Nights 3 Days Mount Abu Family Tour Packages,Mount Abu,3,3 Star,"8,791","8,000",791,4.5,49,Rajasthan
Kerala Honeymoon Package With Ayurvedic Massage,Kochi,8,3 Star,"61,841","57,506",4335,4.5,30,Kerala
Delightful Udaipur Tour Package,Udaipur,5,3 Star,"14,285","12,999",1286,NaN,1688,Rajasthan
Phenomenal Travel Package For Magical Mysore,Mysore,2,2 Star,"8,043","7,319",724,4.3,88,Karnataka
Jumbo Goa Family Holiday Package,Candolim,7,4 Star,"40,588","36,529",4059,4.4,327,Goa
Delightful Uttarakhand Family Tour Package,Mussoorie,11,3 Star,"42,614","37,500",5114,4.3,534,Uttarakhand
Exotic Sikkim Tour Packages for a Mesmerising Holiday,Gangtok,8,3 Star,"37,333","35,000",2333,4.2,1314,Sikkim
Best Selling Goa Monsoon Tour Packages For A Refreshing Vacay,Candolim,4,3 Star,"19,543","16,099",3444,4.1,180,Goa
Amazing Kashmir Tour Package,Srinagar,5,2 Star,"14,287","13,000",1287,4.1,315,Jammu and Kashmir
Top Selling Budgeted Kasol Tour Packages,Kasol,6,3 Star,"25,000","22,000",3000,4.2,573,Himachal Pradesh
Best-Selling 4 Nights 5 Days Gujarat Package For A Cherishable Vacation,Jamnagar,5,3 Star,"19,764","17,590",2174,4.1,6008,Gujarat
Splendid Goa Island Tour With Dudhsagar Falls,Calangute,6,3 Star,"35,359","28,750",6609,NaN,364,Goa
Mesmerizing Mysore Trip Package,Mysore,2,3 Star,"11,395","10,369",1026,4.5,49,Karnataka
Best 3 Nights 4 Days Exhilarating Dharamshala Tour Package,Dharamshala,4,3 Star,"16,484","15,000",1484,4.1,315,Himachal Pradesh
Exemplary Uttarakhand Family Tour Packages For A Memorable Tour,Mussoorie,7,2 Star,"21,379","20,000",1379,4.6,198,Uttarakhand
Choose From Our Darjeeling Gangtok Tour Package For An Awestruck Holiday,Gangtok,10,2 Star,"48,068","42,300",5768,4.1,9655,Sikkim
6 Nights 7 Days Gujarat Family Tour Packages For A Refreshing Getaway,Ahmedabad,7,3 Star,"23,076","20,999",2077,4.1,376,Gujarat
Soulful Dwarka Gujarat Tour Package,Dwarka,3,3 Star,"10,434","9,599",835,NaN,1570,Gujarat
Popular Kutch Tour Package,Bhuj,3,3 Star,"23,736","21,600",2136,4.1,9655,Gujarat
Perfect Mussoorie Tour Package,Mussoorie,4,3 Star,"16,666","14,999",1667,4.2,40,Uttarakhand
Admire The Beautiful Places In Northeast India,Guwahati,7,3 Star,"40,659","37,000",3659,4.5,30,Assam
Explore Our Amazing 3 Nights 4 Days Gujarat Tour Packages,Dwarka,4,3 Star,"13,478","12,400",1078,4.5,196,Gujarat
Best Selling 6 Nights And 7 Days Arunachal Pradesh Tour,Bhalukpong,7,2 Star,"44,066","40,100",3966,4.1,650,Arunachal Pradesh
Best 2 Night 3 Days Mysore Tour Package For A Reviving Getaway,Mysore,3,3 Star,"11,522","10,370",1152,4.3,2308,Karnataka
Charismatic Kerala Family Holiday Package,Kochi,8,3 Star,"27,156","25,798",1358,4.1,1162,Kerala
Memorable Mahabaleshwar Family Package For 3 Nights 4 Days,Mahabaleshwar,4,3 Star,"13,296","12,099",1197,4.2,3333,Maharashtra
Riveting Rajasthan Sightseeing Tour Package,Jaipur,7,3 Star,"21,097","19,198",1899,4.2,257,Rajasthan
Kerala Honeymoon Package For 2 Nights 3 Days,Munnar,3,3 Star,"9,031","8,399",632,4.1,6008,Kerala
Thrilling Jim Corbett National Park Honeymoon Package,Jim Corbett,3,4 Star,"13,846","12,600",1246,4.2,4281,Uttarakhand
Splendid Goa Tour Package For 3 Nights 4 Days,Goa,4,3 Star,"9,890","9,000",890,4.3,2308,Goa
Splendid Ladakh Honeymoon Package,Leh,7,2 Star,"30,681","26,999",3682,4.2,4289,Ladakh
Infinitely Romantic Jammu And Kashmir Honeymoon Package,Srinagar,3,3 Star,"21,429","19,500",1929,4.1,3697,Jammu and Kashmir
Best Selling Holidays To Sikkim With Your Loved Ones,Gangtok,4,4 Star,"29,055","26,731",2324,4.2,4289,Sikkim
South India Honeymoon Package For 2 Nights 3 Days,Munnar,3,3 Star,"17,503","16,103",1400,4.1,120,Kerala
Fanciful Kodaikanal Honeymoon Package,Kodaikanal,3,5 Star,"23,461","21,350",2111,4.3,8959,Tamil Nadu
Alluring Goa Honeymoon Package,Goa,6,4 Star,"19,120","17,399",1721,NaN,4423,Goa
Goa Beachside Honeymoon Package,Goa,5,4 Star,"24,175","21,999",2176,4.2,1688,Goa
Gangtok Tour Package For 2 Nights 3 Days,Gangtok,3,5 Star,"79,666","74,089",5577,4.1,315,Sikkim
Mesmerizing Meghalaya Tour Package,Shillong,4,2 Star,"19,830","17,450",2380,4.3,2308,Meghalaya
Auli Honeymoon Package For 2 Nights 3 Days,Auli,3,3 Star,"14,784","13,749",1035,4.3,2308,Uttarakhand
Darjeeling Tour Package For 3 Nights 4 Days,Darjeeling,4,4 Star,"25,562","24,028",1534,4.1,589,West Bengal
Most Romantic Mussoorie Tour Packages For You And Your Better Half,Mussoorie,3,3 Star,"9,031","8,500",531,NaN,139,Uttarakhand
A Lovely Honeymoon In Munnar,Munnar,4,3 Star,"14,765","13,436",1329,4.2,4156,Kerala
The Perfect Romantic Goa Honeymoon Tour,Goa,4,3 Star,"15,384","13,999",1385,4.1,35,Goa
Exhilarating Rajasthan Honeymoon Tour Package,Jaipur,6,3 Star,"17,977","16,000",1977,4.1,4670,Rajasthan
Striking Thekkady Kochi Munnar Honeymoon Package,Munnar,4,3 Star,"16,435","15,120",1315,4.2,117,Kerala
Magical Himachal Trip Packages From Mumbai,Shimla,9,4 Star,"39,011","35,500",3511,4.1,144,Himachal Pradesh
Gorgeous Gangtok Tour Package,Gangtok,3,2 Star,"24,493","22,044",2449,4.3,2308,Sikkim
South Goa Honeymoon Package - Rendezvous With Nature,Goa,3,3 Star,"11,763","9,999",1764,4.1,376,Goa
Romantic  Mount Abu Tour Package,Udaipur,4,3 Star,"9,332","8,399",933,4.1,1319,Rajasthan
Srinagar Gulmarg Pahalgam Tour Package,Srinagar,4,3 Star,"17,553","16,500",1053,4.1,3697,Jammu and Kashmir
Exotic Kashmir Honeymoon Package,Srinagar,4,2 Star,"15,463","11,984",3479,3.7,168,Jammu and Kashmir
Goa Tour Package For 2 Persons,Goa,3,3 Star,"9,782","8,999",783,4.1,4357,Goa
An Enjoyable Kochi Family Package,Cochin,4,3 Star,"17,142","15,599",1543,4.2,9722,Kerala
Charming Mussoorie Honeymoon Package,Mussoorie,3,3 Star,"15,866","14,438",1428,4.2,117,Uttarakhand
Captivating Kerala Honeymoon Package,Munnar,4,3 Star,"17,142","15,599",1543,4.2,8570,Kerala
Wonderful Summer Special Family Tour To Verdant Coorg,Coorg,3,5 Star,"26,142","23,789",2353,4.2,482,Karnataka
Astounding Tour Package To Kasol,Kasol,3,3 Star,"12,637","11,500",1137,4.3,534,Himachal Pradesh
Spectacular Udaipur Honeymoon Package,Udaipur,3,3 Star,"8,241","7,499",742,4.2,482,Rajasthan
Shimla: The Gem In Himachalâs Crown,Shimla,3,3 Star,"5,435","5,000",435,4.2,910,Himachal Pradesh
Fun-Filled Gangtok & Darjeeling Family Tour,Darjeeling,6,3 Star,"66,084","57,073",9011,4.3,2308,West Bengal
Splendid Mount Abu Summer Festival Package,Mount Abu,3,4 Star,"17,582","16,000",1582,4.2,4281,Rajasthan
Romantic Rajasthan Honeymoon Tour,Jaipur,9,4 Star,"43,955","39,999",3956,NaN,139,Rajasthan
Kodaikanal 1 Night 2 Days Tour Package For An Unforgettable Experience,Kodaikanal,2,3 Star,"10,101","9,394",707,4.1,1538,Tamil Nadu
Fascinating Goa Honeymoon,Goa,4,4 Star,"15,934","14,500",1434,4.3,2308,Goa
Goa Honeymoon Package For 2 Nights 3 Days,Goa,3,3 Star,"9,139","8,499",640,4.2,714,Goa
Best 2N/3D Sikkim Tour Package For A Refreshing Getaway,Darjeeling,3,2 Star,"29,054","27,020",2034,4.2,714,West Bengal
Splendid Coorg Honeymoon Package,Coorg,3,3 Star,"21,011","18,910",2101,4.3,2308,Karnataka
Ooty Honeymoon Package for 1 Night & 2 Days,Ooty,2,3 Star,"11,544","10,736",808,4.2,4281,Tamil Nadu
Heavenly Darjeeling Sightseeing Tour Package,Darjeeling,4,2 Star,"24,710","22,486",2224,4.2,1314,West Bengal
Sensational Himachal Tour Package From Chennai,Shimla,9,4 Star,"42,308","38,500",3808,4.2,4156,Himachal Pradesh
Adventurous Leh-Ladakh Tour Package,Leh,8,3 Star,"47,980","47,500",480,4.2,4289,Ladakh
A Royal Udaipur Family Tour Package,Udaipur,3,3 Star,"7,608","6,999",609,4.2,117,Rajasthan
Rajasthan Tourism Package For Honeymooners,Udaipur,4,3 Star,"12,637","11,500",1137,4.2,93,Rajasthan
Astonishing Himachal Tour Package From Bangalore,Shimla,9,3 Star,"36,484","33,200",3284,4.3,2308,Himachal Pradesh
Holy Char Dham Package: Badrinath,Haridwar,4,2 Star,"9,230","8,399",831,4.5,49,Uttarakhand
Best Selling Mussoorie Getaways For A Refreshing Break,Mussoorie,2,3 Star,"6,209","5,774",435,4.2,910,Uttarakhand
A Short And Sweet Puri Tour Package,Puri,3,3 Star,"10,483","9,540",943,4.2,5129,Rajasthan
Scintillating Shillong Sightseeing Tour Package,Shillong,3,3 Star,"9,890","9,000",890,4.1,376,Meghalaya
Sublime Gangtok Package For Family,Gangtok,4,2 Star,"31,821","28,002",3819,4.3,2308,Sikkim
Religious Char Dham Tour Packages,Haridwar,7,2 Star,"10,384","9,449",935,3.6,134,Uttarakhand
Kerala Houseboat Trip Package For 4 Nights 5 Days,Munnar,5,3 Star,"23,946","20,400",3546,4.1,9283,Kerala
Lovely Goa Family Tour,Calangute,4,3 Star,"12,921","11,500",1421,NaN,1429,Goa
Magnificent Kasol Tour Package,Kasol,4,2 Star,"13,187","12,000",1187,4.2,714,Himachal Pradesh
Incredible Ladakh Honeymoon Tour Package,Leh,7,2 Star,"28,089","24,999",3090,NaN,364,Ladakh
Thrilling Dharamshala Tour Package,Dharamshala,4,3 Star,"16,484","15,000",1484,NaN,139,Himachal Pradesh
An Invigorating Madurai Sightseeing Tour Package,Madurai,6,3 Star,"21,796","19,834",1962,4.1,4357,Tamil Nadu
Delightful Kodaikanal Sightseeing Tour Package,Kodaikanal,3,2 Star,"16,758","15,250",1508,4.2,4289,Tamil Nadu
Exotic Goa Tour,Goa,5,5 Star,"21,098","19,199",1899,3.8,141,Goa
"Ideal Sikkim, Gangtok, Darjeeling Honeymoon Package",Gangtok,8,2 Star,"35,955","32,000",3955,4.2,257,Sikkim
Best Selling Mahabaleshwar Sightseeing Encounters,Mahabaleshwar,3,3 Star,"10,879","9,900",979,4.3,8959,Maharashtra
Splendid Ooty Tour Package,Ooty,3,4 Star,"14,076","12,809",1267,4.2,171,Tamil Nadu
A Blissful Goa Honeymoon Package,Goa,5,3 Star,"15,164","13,799",1365,4.1,35,Goa
Summer Special Uttarakhand Honeymoon Package,Nainital,6,3 Star,"31,730","28,874",2856,4.3,2308,Uttarakhand
Kochi Family Trip: Incredible Fun,Cochin,2,3 Star,"7,734","7,038",696,4.1,376,Kerala
Amazing Goa Family Tour: Forts & Adventure,Goa,4,2 Star,"19,756","16,500",3256,4.1,879,Goa
Romantic Mount Abu Honeymoon Package,Udaipur,4,3 Star,"11,235","9,999",1236,4.1,204,Rajasthan
Kerala Honeymoon Tour Package With Houseboat Stay,Munnar,6,3 Star,"34,720","29,760",4960,4.2,28,Kerala
Kashmir Tour Package For 2 Nights 3 Days,Srinagar,3,3 Star,"16,667","15,500",1167,4.1,348,Jammu and Kashmir
Astonishing Alleppey Family Tour Package,Alleppey,2,3 Star,"7,696","7,003",693,4.1,2698,Kerala
Spell-Binding Mussoorie Tour Package,Mussoorie,3,3 Star,"16,770","15,093",1677,4.4,1259,Uttarakhand
Leh Ladakh 6 Days Trip Package For An Enthralling Experience,Leh,6,3 Star,"27,173","24,999",2174,NaN,139,Ladakh
Captivating Kovalam Honeymoon Package,Kovalam,3,3 Star,"13,227","11,640",1587,4.1,39,Kerala
Fantastical Rajasthan Honeymoon Package,Jodhpur,4,4 Star,"13,735","12,499",1236,4.1,8942,Rajasthan
Mesmerizing Sikkim & Darjeeling Family Tour Package,Gangtok,6,3 Star,"32,727","30,000",2727,4.2,4289,Sikkim
Offbeat Uttarakhand Tour,Nainital,4,3 Star,"17,308","15,750",1558,NaN,531,Uttarakhand
Romantic Lansdowne Honeymoon Package,Lansdowne,2,4 Star,"9,807","8,924",883,4.3,8677,Uttarakhand
Exquisite Andaman Honeymoon Tour Package,Port Blair,8,2 Star,"30,208","26,310",3898,4.1,1319,Andaman and Nicobar Islands
Alluring Himachal Tour Package From Ahmedabad,Shimla,9,4 Star,"36,484","33,200",3284,NaN,670,Himachal Pradesh
Gorgeous Gir Tour Package,Sasan Gir,3,3 Star,"12,800","11,648",1152,4.1,644,Gujarat
Amazing Agra Tour Package,Agra,4,3 Star,"8,791","8,000",791,4.3,684,Uttar Pradesh
"Refreshing Gangtok, Kalimpong & Darjeeling Tour Package",Gangtok,7,3 Star,"62,409","56,982",5427,4.2,714,Sikkim
Engaging Leh Tour,Leh,6,3 Star,"46,153","41,999",4154,4.2,11580,Ladakh
Rejuvenating Rameshwaram Tour,Madurai,5,2 Star,"16,758","15,250",1508,4.2,714,Tamil Nadu
A Mesmerizing Tawang Tour Package,Bhalukpong,7,3 Star,"41,209","37,500",3709,4.2,823,Arunachal Pradesh
An Amazing Kasol And Kheerganga Tour Package,Kasol,5,3 Star,"17,033","15,500",1533,4.1,112,Himachal Pradesh
Rejuvenating Summer Special Shimla Tour Package,Shimla,4,3 Star,"16,484","15,000",1484,4.1,8625,Himachal Pradesh
Nostalgic Kochi Honeymoon Tour,Cochin,5,3 Star,"15,468","14,076",1392,4.1,180,Kerala
Lovable Gangtok Family Package,Gangtok,3,2 Star,"25,044","22,289",2755,4.2,145,Sikkim
Enjoyable Tamil Nadu Tour Package,Ooty,3,2 Star,"12,736","11,590",1146,NaN,4423,Tamil Nadu
Best Selling Nainital Getaways For A Refreshing Break,Nainital,2,3 Star,"6,702","6,300",402,4.2,3710,Uttarakhand
A Fantabulous Cherrapunji Trip Package,Cherrapunjee,3,3 Star,"12,637","11,500",1137,4.1,4765,Meghalaya
Captivating Delhi Tour Package,Agra,4,3 Star,"8,791","8,000",791,4.2,1282,Uttar Pradesh
Soothing Srinagar Honeymoon Package,Srinagar,2,4 Star,"19,888","17,700",2188,4.1,35,Jammu and Kashmir
Fascinating Goa Tour Package,Goa,5,3 Star,"17,582","16,000",1582,4.2,714,Goa
Stunning Rajasthan Honeymoon Package,Jaipur,9,3 Star,"40,230","35,000",5230,4.2,823,Rajasthan
Weekend In Kerala-Vythiri With Tree House Stay,Wayanad,4,3 Star,"21,215","20,154",1061,4.1,9655,Kerala
Mahabaleshwar Panchgani Tour Package For 3 Nights 4 Days,Mahabaleshwar,4,4 Star,"23,626","21,500",2126,4.4,58,Maharashtra
Amazing Alleppey Houseboat Tour Package,Alleppey,2,3 Star,"8,211","7,390",821,4.1,204,Kerala
"Vibrant Sikkim, Gangtok, Darjeeling Honeymoon Package",Gangtok,10,2 Star,"43,182","38,000",5182,4.3,560,Sikkim
Best 2N 3D Chikmagalur Tour Packages For A Mesmerizing Experience,Chikmagalur,3,3 Star,"15,151","14,090",1061,4.6,17,Karnataka
Alluring Alleppey Tour Package,Alleppey,3,3 Star,"10,774","9,804",970,4.3,2308,Kerala
Adventurous Sariska Tour Package,sariska,3,3 Star,"5,354","4,500",854,4.1,797,Rajasthan
Adventurous Ranthambore Tour Package,Ranthambore,3,3 Star,"7,734","6,500",1234,4.1,2698,Rajasthan
Adventurous Dharamshala Sightseeing Tour Packages,Dharamshala,4,3 Star,"13,736","12,500",1236,4.3,2308,Himachal Pradesh
Magical Meghalaya Tour Package,Shillong,3,3 Star,"14,366","12,498",1868,3.5,2,Meghalaya
Heavenly Himachal Honeymoon Escapade,Shimla,8,3 Star,"25,274","22,999",2275,4.1,8942,Himachal Pradesh
Heavenly Kumarakom Alleppey Tour Package,Kumarakom,3,3 Star,"11,321","10,076",1245,4.1,1538,Kerala
Exhilarating Goa Tour,Goa,4,4 Star,"15,384","13,999",1385,4.1,4357,Goa
"Thrilling Gangtok, Pelling, Darjeeling Family Trip",Gangtok,5,2 Star,"54,981","50,583",4398,4.2,3333,Sikkim
Stunning Leh Tour,Leh,8,3 Star,"32,966","29,999",2967,4.2,482,Ladakh
Golden Triangle Tour With Rajasthan and Madhya Pradesh,New Delhi,18,3 Star,"66,000","60,500",5500,4.2,257,New Delhi
A Pleasant Tour In Munnar,Munnar,3,3 Star,"11,243","10,231",1012,4.2,1313,Kerala
Ultra Romantic Rann Of Kutch Tour Package,Bhuj,5,3 Star,"17,692","16,100",1592,NaN,4173,Gujarat
Memorable And Romantic Coorg Honeymoon Tour,Coorg,4,2 Star,"15,417","14,029",1388,NaN,51,Karnataka
A Tour Amid Nature In Kodaikanal,Coorg,7,3 Star,"29,677","27,006",2671,4.3,8959,Karnataka
Romantic Coorg Honeymoon Package,Coorg,3,3 Star,"18,098","16,469",1629,4.2,823,Karnataka
Mesmerizing Mount Abu Tour Package,Jaipur,6,3 Star,"51,111","46,000",5111,4.1,2698,Rajasthan
Surreal Dalhousie Tour Packages,Dalhousie,3,3 Star,"24,685","22,463",2222,4.1,165,Himachal Pradesh
Best Selling Hyderabad Tours for Refreshing Holidays,Hyderabad,3,3 Star,"15,484","14,090",1394,4.4,60,Telangana
Soulful Char Dham Yatra Package,Haridwar,12,2 Star,"59,783","55,000",4783,4.2,1375,Uttarakhand
Alluring Agra Sightseeing Tour Package,Agra,3,3 Star,"5,494","5,000",494,3.7,189,Uttar Pradesh
Remarkable Kasauli Tour Package,Kasauli,2,3 Star,"16,434","15,119",1315,4.1,144,Himachal Pradesh
Delightful Nainital Mukteshwar Family Package,Nainital,4,3 Star,"14,423","13,125",1298,4.1,61,Uttarakhand
Delightful Athirapally Honeymoon Package,Athirapally,2,3 Star,"7,357","6,695",662,4.3,8959,Kerala
Lovely Delhi Tour Package,Agra,4,3 Star,"10,989","10,000",989,4.1,315,Uttar Pradesh
Do Dham Yatra Package: Yumnotri and Gangotri,Haridwar,7,2 Star,"15,000","13,650",1350,4.2,11533,Uttarakhand
Exotic Ladakh Honeymoon Package,Leh,6,2 Star,"21,110","18,999",2111,4.1,219,Ladakh
Majestic Jaisalmer Honeymoon Package,Jodhpur,4,3 Star,"19,021","17,499",1522,4.2,714,Rajasthan
Invigorating Himachal Tour Package,Shimla,8,3 Star,"36,044","32,800",3244,NaN,212,Himachal Pradesh
Have A Fantastic Tawang Trip Full Of Joy,Bhalukpong,6,3 Star,"35,714","32,500",3214,3.4,7,Arunachal Pradesh
Top-Ranked Kanyakumari Sightseeing Package For A Fun-Filled Holiday,Kanyakumari,3,2 Star,"10,323","9,394",929,4.3,8633,Tamil Nadu
Spiritual Char Dham Yatra Package,Haridwar,11,2 Star,"20,769","18,900",1869,4.3,684,Uttarakhand
Exhilarating Auli Tour Package,Auli,3,2 Star,"14,583","13,125",1458,4.1,644,Uttarakhand
Best Kasol 2N 3D Tour Package For A Reviving Getaway,Kasol,3,3 Star,"21,505","20,000",1505,4.2,257,Himachal Pradesh
Sensational Leh Honeymoon Package,Leh,13,3 Star,"63,231","57,540",5691,4.1,271,Ladakh
Blissful Shimla Tour Package,Shimla,4,2 Star,"13,930","12,816",1114,3.8,903,Himachal Pradesh
Mysore: A Culturally Rich City,Mysore,3,3 Star,"14,076","12,809",1267,4.1,1319,Karnataka
A Revitalizing Tamil Nadu Tour Package,Ooty,4,3 Star,"16,758","15,250",1508,NaN,4194,Tamil Nadu
Leh Ladakh 5 Days Trip Package,Leh,5,3 Star,"22,825","20,999",1826,3.6,134,Ladakh
Ravishing Rishikesh Tour Package,Rishikesh,2,3 Star,"7,500","6,825",675,NaN,343,Uttarakhand
Mind Blowing Shillong Honeymoon Package,Shillong,3,3 Star,"13,736","12,500",1236,4.1,120,Meghalaya
Offbeat Leh Ladakh Tour Package Including Tso Moriri,Leh,10,3 Star,"44,943","39,999",4944,4.3,8983,Ladakh
Alluring Jaisalmer Tour Package,Jaisalmer,4,3 Star,"19,662","17,499",2163,4.1,696,Rajasthan
Enchanting Leh Ladakh Family Tour Package (Ex Srinagar),Srinagar,8,4 Star,"48,102","44,999",3103,4.1,2336,Jammu and Kashmir
Guwahati Trip Package,Guwahati,3,3 Star,"12,636","11,499",1137,4.2,4289,Assam
Romantic Jammu Kashmir Honeymoon Package,Katra,9,2 Star,"26,378","23,500",2878,4.1,547,Jammu and Kashmir
Enriching Kochi Munnar Family Tour Package,Cochin,4,3 Star,"14,332","12,899",1433,4.3,25,Kerala
Divine Dharamshala Honeymoon Package,Dharamshala,5,3 Star,"14,945","13,600",1345,4.2,139,Himachal Pradesh
Kerala Weekend Special: Kumarakom Backwaters & Munnar Hills,Munnar,4,3 Star,"12,214","12,092",122,4.2,3444,Kerala
An Enthralling Jodhpur Sightseeing Tour Package,Jodhpur,4,2 Star,"10,989","10,000",989,4.1,5185,Rajasthan
Blissful Kashmir Honeymoon Package,Srinagar,7,2 Star,"24,444","22,000",2444,4.1,149,Jammu and Kashmir
Scenic Gangtok Tour Package,Gangtok,4,2 Star,"30,815","27,117",3698,NaN,372,Sikkim
Breathtaking Ladakh Family Package,Srinagar,10,2 Star,"69,999","62,999",7000,4.1,644,Jammu and Kashmir
Most-Exclusive Jaipur 2N 3D Tour Package,Jaipur,3,4 Star,"12,765","11,999",766,4.1,418,Rajasthan
A Family Getaway To The Hills Of Himachal,Shimla,5,3 Star,"18,681","17,000",1681,NaN,750,Himachal Pradesh
Delightful Mount Abu Family Package,Mount Abu,2,3 Star,"5,494","5,000",494,4.2,714,Rajasthan
Kerala is a Land of Wonders,Kochi,7,3 Star,"22,988","20,000",2988,4.3,560,Kerala
Bewitching Pelling Tour Package,Pelling,2,3 Star,"15,995","14,875",1120,4.2,2288,Sikkim
Top-Selling Amritsar 3 Days Package For A Delightful Trip,Amritsar,3,3 Star,"21,739","20,000",1739,4.2,9722,Punjab
Exciting Kanyakumari-Kovalam Family Tour Package,Kovalam,4,3 Star,"13,068","11,500",1568,4.1,3697,Kerala
Elegant Srinagar Tour Package,Srinagar,2,4 Star,"20,225","18,000",2225,4.2,12227,Jammu and Kashmir
Idyllic Dharamshala Family Package,Dharamshala,6,3 Star,"25,714","23,400",2314,4.1,1338,Himachal Pradesh
Adventurous Assam Tour Package,Kaziranga National Park,3,3 Star,"15,730","14,000",1730,4.1,8586,Assam
Picturesque Ranikhet Honeymoon Package,Nainital,4,2 Star,"15,000","13,650",1350,4.1,465,Uttarakhand
Gleeful Rann Of Kutch Tour Package,Bhuj,5,3 Star,"24,271","22,087",2184,NaN,876,Gujarat
Vivid Orissa Tour Package,Bhubaneshwar,3,2 Star,"13,000","11,700",1300,4.3,534,Gujarat
Lonavala Tour Package For 3 Nights 4 Days,Matheran,4,3 Star,"15,714","14,300",1414,4.1,315,Maharashtra
4 Nights 5 Days Manali Tour Package,Manali,5,3 Star,"33,230","30,239",2991,4.1,2698,Himachal Pradesh
Best Udupi Sightseeing Tour Package For A Spiritual Getaway,Udupi,3,3 Star,"11,797","10,735",1062,4.3,264,Karnataka
Top-Selling Karnataka Packages For 2 Days For A Memorable Vacay,Mysore,2,4 Star,"15,086","14,030",1056,4.2,118,Karnataka
Irresistible Leh Honeymoon Package,Leh,9,3 Star,"47,252","42,999",4253,4.1,529,Ladakh
Explore The True Tradition Of Gujarat,Bhuj,3,3 Star,"15,215","13,846",1369,4.2,257,Gujarat
Ultimate Uttarakhand Tour Package,Nainital,8,2 Star,"33,156","30,449",2707,4.1,180,Uttarakhand
Dynamic Orissa Tour Package,Bhubaneshwar,5,2 Star,"15,909","14,000",1909,4.6,5,Gujarat
Intimate Summer Special Shimla Honeymoon Package,Shimla,5,3 Star,"41,775","38,015",3760,4.2,435,Himachal Pradesh
Scintillating North East Tour Package,Bhalukpong,6,2 Star,"25,568","22,500",3068,3.9,250,Arunachal Pradesh
Best 4 Nights 5 Days Dwarka Tour Packages For A Memorable Trip,Ahmedabad,5,3 Star,"19,076","17,741",1335,4.2,139,Gujarat
Delhi: The Heart of India,New Delhi,6,3 Star,"14,285","12,999",1286,4.4,2357,New Delhi
Rameshwaram Tour Package For 1 Night 2 Days,Rameshwaram,2,3 Star,"12,535","11,407",1128,NaN,1435,Tamil Nadu
Alluring Gujarat family Package,Dwarka,5,3 Star,"16,593","15,100",1493,4.1,120,Gujarat
Mysore Tour Package By Volvo Bus,Mysore,2,2 Star,"7,138","6,710",428,4.1,1320,Karnataka
Tempting Tirupati Tour Package,Chennai,3,2 Star,"14,747","13,420",1327,4.1,61,Tamil Nadu
Uttarakhand: A Gem To Be Explored,Jim Corbett,4,2 Star,"16,153","14,999",1154,4.2,3333,Uttarakhand
Enchanting Meghalaya Tour Package,Shillong,3,3 Star,"13,585","12,498",1087,4.1,1319,Meghalaya
Munnar Tour Packages for 2 Nights 3 Days,Munnar,3,3 Star,"7,526","6,999",527,4.3,98,Kerala
"Wonderful Goa Family Package: Waterfalls, Monsoons & Beaches",Calangute,3,3 Star,"19,318","17,000",2318,4.3,8979,Goa
Unique Guwahati Sightseeing Tour Packages,Guwahati,3,3 Star,"13,736","12,500",1236,4.1,2491,Assam
An Exhilarating Haridwar Mussoorie Tour Package,Haridwar,3,3 Star,"10,961","9,975",986,4.2,6235,Uttarakhand
Spellbinding Meghalaya Tour Package,Shillong,6,3 Star,"35,714","32,500",3214,4.2,40,Meghalaya
Religious Jammu Kashmir Tour Package,Katra,7,2 Star,"27,493","25,500",1993,4.5,265,Jammu and Kashmir
Phenomenal Honeymoon Package To Kasol,Kasol,6,3 Star,"28,480","25,632",2848,4.5,22,Himachal Pradesh
Best Of Jammu Kashmir Family Package,Katra,10,2 Star,"34,011","30,450",3561,4.4,269,Jammu and Kashmir
Budget Friendly Jim Corbett Package,Jim Corbett,4,4 Star,"25,384","23,099",2285,4.2,5129,Uttarakhand
Best Goa 5 Days Trip For A Rememberable Trip,Goa,5,3 Star,"14,893","13,999",894,4.2,2288,Goa
Vibrant Gujarat Family Package,Jamnagar,6,3 Star,"23,406","21,299",2107,4.2,257,Gujarat
Splendid Rameshwaram Tour Package,Rameshwaram,3,4 Star,"14,076","12,809",1267,4.3,404,Tamil Nadu
Delightful Ooty Holiday Package,Coorg,5,3 Star,"18,715","16,469",2246,3.9,323,Karnataka
Cheerful Cherrapunji Tour Package,Shillong,4,3 Star,"17,032","15,499",1533,NaN,NaN,Meghalaya
Incredible Rajasthan Tour Package,Udaipur,5,2 Star,"11,413","10,500",913,4.5,156,Rajasthan
Religious Haridwar Tour Package,Rishikesh,3,3 Star,"8,653","7,874",779,4.3,2308,Uttarakhand
Choose From Our Best Selling Gorgeous Goa Tour Plan For 6 Days,Goa,6,4 Star,"33,548","31,200",2348,4.1,296,Goa
Fantastic Orissa Tour Package,Bhubaneshwar,5,2 Star,"15,909","14,000",1909,4.2,684,Gujarat
Alluring Kashmir Family Tour Package,Srinagar,9,3 Star,"43,802","39,500",4302,4.2,139,Jammu and Kashmir
Exuberant Arunachal Pradesh Tour Package,Kaziranga,8,2 Star,"42,307","38,499",3808,4.2,10229,Assam
Unique Leh-Ladakh Tour Package With Traditional Homestay @ Chuchot,Srinagar,10,4 Star,"52,746","47,999",4747,3.9,323,Jammu and Kashmir
Captivating Tawang Tour Package,Bhalukpong,7,3 Star,"39,010","35,499",3511,4.1,297,Arunachal Pradesh
Stunning Pelling Tour Package,Pelling,2,3 Star,"16,169","14,875",1294,4.3,2308,Sikkim
Best 6 Days Port Blair Tour Package For A Reviving Getaway,Port Blair,6,3 Star,"25,110","22,850",2260,NaN,372,Andaman and Nicobar Islands
Breathtaking Dwarka Sightseeing Tour Packages,Dwarka,5,3 Star,"22,925","20,862",2063,4.2,118,Gujarat
Delightful Munnar Thekkady Kerala Family Package,Munnar,6,3 Star,"20,787","18,500",2287,4.1,61,Kerala
Exciting Mussoorie Tour Package,Mussoorie,5,3 Star,"49,038","44,625",4413,4.1,129,Uttarakhand
Premium Kashmir Family Package,Pahalgam,8,2 Star,"32,218","30,500",1718,4.1,2336,Jammu and Kashmir
An Enjoyable Shillong Honeymoon Trip,Shillong,3,3 Star,"18,131","16,499",1632,4.1,1096,Meghalaya
Exciting Haridwar And Rishikesh Package,Rishikesh,3,3 Star,"11,290","10,500",790,4.2,2565,Uttarakhand
Spellbinding Guwahati Tour Package,Guwahati,3,3 Star,"13,736","12,500",1236,4.1,1320,Assam
Excellent Nagaland Honeymoon Tour Package,Dimapur,6,3 Star,"46,703","42,500",4203,NaN,462,Rajasthan
Best Golden Triangle Tour Package With Amritsar For A Reviving Getaway,Agra,6,3 Star,"50,537","46,999",3538,4.2,5129,Uttar Pradesh
Udaipur Mount Abu Tour Package For 4 Nights 5 Days,Udaipur,5,3 Star,"18,094","15,000",3094,4.2,823,Rajasthan
Explore Gangtok & North Sikkim,Gangtok,8,2 Star,"61,900","56,948",4952,4.2,435,Sikkim
Northeast Tour Package For 4 Nights 5 Days,Shillong,5,3 Star,"15,948","14,500",1448,4.3,1585,Meghalaya
Shimla Tour Package For 4 Nights 5 Days,Shimla,5,3 Star,"26,595","24,999",1596,4.1,2491,Himachal Pradesh
Ooty Tour Package By Volvo Bus,Ooty,3,2 Star,"16,418","15,433",985,4.2,482,Tamil Nadu
Ladakh Tour Package For 7 Nights 8 Days,Leh,8,3 Star,"38,709","35,999",2710,4.1,3746,Ladakh
Thrilling Nehru Trophy Boat Race Package,Alleppey,3,3 Star,"9,000","7,200",1800,4.2,910,Kerala
Karnataka: A Spellbinding Experience,Coorg,3,5 Star,"23,461","21,350",2111,4.1,3163,Karnataka
Alleppey Tour Package For 1 Night 2 Days,Alleppey,2,3 Star,"7,533","6,930",603,4.1,5493,Kerala
Stupendous Manali Independence Day Package,Manali,4,3 Star,"11,813","10,999",814,4.2,28,Himachal Pradesh
A Voyage into Serenity: Kerala Tour,Munnar,6,4 Star,"19,491","18,127",1364,4.1,9283,Kerala
Invigorating Karnataka Honeymoon Package,Ooty,6,3 Star,"22,366","20,129",2237,4.1,4687,Tamil Nadu
Joyous Kerala Tour Package For Family,Munnar,6,3 Star,"17,177","15,116",2061,4.1,2847,Kerala
Wonderful Kerala Family Package,Munnar,4,3 Star,"12,263","11,159",1104,4.2,3333,Kerala
Picture Perfect Family Trip of Kerala,Cochin,7,3 Star,"21,978","20,000",1978,4.2,28,Kerala
Kumarakom Houseboat Package,Kovalam,5,3 Star,"17,184","15,809",1375,4.2,1196,Kerala
Paradisiacal Honeymoon Escape To Kerala,Munnar,5,3 Star,"18,681","17,000",1681,4.2,714,Kerala
Lansdowne: The Perfect Retreat,Lansdowne,2,3 Star,"6,923","6,300",623,4.1,5493,Uttarakhand
Rameshwaram Sightseeing Tour Package,Rameshwaram,3,2 Star,"15,484","14,090",1394,4.2,831,Tamil Nadu
Munnar Local Tour Package,Munnar,3,3 Star,"7,446","6,999",447,4.1,642,Kerala
Spellbinding Lansdowne Tour Package,Lansdowne,2,3 Star,"9,701","8,925",776,4.1,3163,Uttarakhand
Golden Triangle Special Offer Trip Package,Agra,6,3 Star,"20,265","15,999",4266,4.1,61,Uttar Pradesh
Spellbinding Coorg Family Tour Package,Ooty,6,4 Star,"37,538","34,160",3378,4.2,823,Tamil Nadu
Golden Triangle 5 Star Tour Package,New Delhi,6,5 Star,"117,391","108,000",9391,4.2,4156,New Delhi
